,id,score,transform params,classifier params,ds_idx,trf_idx,clf_idx,ts
0,0,0.7938403519798869,,"{'output_dir': './temp_bert_dir/imdb_bs500_dal_trial0_ckpts', 'lr': 3e-05, 'model_name': 'roberta-base', 'train_batch_size': 16, 'eval_batch_size': 32, 'num_epochs': 5, 'max_length': 128, 'eval_steps': ('num_evals_per_epoch', 5), 'warmup_steps': 0.1, 'save_model': False, 'max_steps': -1}",0,0,0,2024-03-11 06:13:51.586751
1,1,0.8223123173852382,,"{'output_dir': './temp_bert_dir/imdb_bs500_dal_trial0_ckpts', 'lr': 3e-05, 'model_name': 'roberta-base', 'train_batch_size': 16, 'eval_batch_size': 32, 'num_epochs': 10, 'max_length': 128, 'eval_steps': ('num_evals_per_epoch', 5), 'warmup_steps': 0.1, 'save_model': False, 'max_steps': -1}",0,0,1,2024-03-11 06:25:51.275712
2,2,0.8024888900000624,,"{'output_dir': './temp_bert_dir/imdb_bs500_dal_trial0_ckpts', 'lr': 5e-05, 'model_name': 'roberta-base', 'train_batch_size': 16, 'eval_batch_size': 32, 'num_epochs': 5, 'max_length': 128, 'eval_steps': ('num_evals_per_epoch', 5), 'warmup_steps': 0.1, 'save_model': False, 'max_steps': -1}",0,0,2,2024-03-11 06:31:13.652814
3,3,0.7867950912705133,,"{'output_dir': './temp_bert_dir/imdb_bs500_dal_trial0_ckpts', 'lr': 5e-05, 'model_name': 'roberta-base', 'train_batch_size': 16, 'eval_batch_size': 32, 'num_epochs': 10, 'max_length': 128, 'eval_steps': ('num_evals_per_epoch', 5), 'warmup_steps': 0.1, 'save_model': False, 'max_steps': -1}",0,0,3,2024-03-11 06:43:22.293134
