,id,score,transform params,classifier params,ds_idx,trf_idx,clf_idx,ts
0,0,0.7072235831925755,,"{'output_dir': './output_bert/sst2_bs200_real/model_trial_0', 'lr': 3e-05, 'model_name': 'roberta-base', 'train_batch_size': 16, 'eval_batch_size': 32, 'num_epochs': 5, 'max_length': 128, 'eval_steps': ('num_evals_per_epoch', 5), 'warmup_steps': 0.1, 'save_model': False, 'max_steps': -1}",0,0,0,2024-03-08 11:51:31.905977
1,1,0.7780074596683594,,"{'output_dir': './output_bert/sst2_bs200_real/model_trial_0', 'lr': 3e-05, 'model_name': 'roberta-base', 'train_batch_size': 16, 'eval_batch_size': 32, 'num_epochs': 10, 'max_length': 128, 'eval_steps': ('num_evals_per_epoch', 5), 'warmup_steps': 0.1, 'save_model': False, 'max_steps': -1}",0,0,1,2024-03-08 12:05:25.770081
2,2,0.3516209476309227,,"{'output_dir': './output_bert/sst2_bs200_real/model_trial_0', 'lr': 5e-05, 'model_name': 'roberta-base', 'train_batch_size': 16, 'eval_batch_size': 32, 'num_epochs': 5, 'max_length': 128, 'eval_steps': ('num_evals_per_epoch', 5), 'warmup_steps': 0.1, 'save_model': False, 'max_steps': -1}",0,0,2,2024-03-08 12:12:21.401487
3,3,0.3516209476309227,,"{'output_dir': './output_bert/sst2_bs200_real/model_trial_0', 'lr': 5e-05, 'model_name': 'roberta-base', 'train_batch_size': 16, 'eval_batch_size': 32, 'num_epochs': 10, 'max_length': 128, 'eval_steps': ('num_evals_per_epoch', 5), 'warmup_steps': 0.1, 'save_model': False, 'max_steps': -1}",0,0,3,2024-03-08 12:26:46.817572
