,id,score,transform params,classifier params,ds_idx,trf_idx,clf_idx,ts
0,0,0.36150779762870144,,"{'output_dir': './output_bert/sst2_bs200_real/model_trial_0', 'lr': 3e-05, 'model_name': 'roberta-base', 'train_batch_size': 16, 'eval_batch_size': 32, 'num_epochs': 5, 'max_length': 128, 'eval_steps': ('num_evals_per_epoch', 5), 'warmup_steps': 0.1, 'save_model': False, 'max_steps': -1}",0,0,0,2024-03-08 09:44:41.579760
1,1,0.747370032727064,,"{'output_dir': './output_bert/sst2_bs200_real/model_trial_0', 'lr': 3e-05, 'model_name': 'roberta-base', 'train_batch_size': 16, 'eval_batch_size': 32, 'num_epochs': 10, 'max_length': 128, 'eval_steps': ('num_evals_per_epoch', 5), 'warmup_steps': 0.1, 'save_model': False, 'max_steps': -1}",0,0,1,2024-03-08 09:56:56.021908
2,2,0.6942355889724311,,"{'output_dir': './output_bert/sst2_bs200_real/model_trial_0', 'lr': 5e-05, 'model_name': 'roberta-base', 'train_batch_size': 16, 'eval_batch_size': 32, 'num_epochs': 5, 'max_length': 128, 'eval_steps': ('num_evals_per_epoch', 5), 'warmup_steps': 0.1, 'save_model': False, 'max_steps': -1}",0,0,2,2024-03-08 10:02:57.923757
3,3,0.36596736596736595,,"{'output_dir': './output_bert/sst2_bs200_real/model_trial_0', 'lr': 5e-05, 'model_name': 'roberta-base', 'train_batch_size': 16, 'eval_batch_size': 32, 'num_epochs': 10, 'max_length': 128, 'eval_steps': ('num_evals_per_epoch', 5), 'warmup_steps': 0.1, 'save_model': False, 'max_steps': -1}",0,0,3,2024-03-08 10:15:43.483541
