,id,score,transform params,classifier params,ds_idx,trf_idx,clf_idx,ts
0,0.0,0.936654915883563,,"{'output_dir': './temp_bert_dir/dbpedia5_bs500_margin_trial2_ckpts', 'lr': 3e-05, 'model_name': 'roberta-base', 'train_batch_size': 16, 'eval_batch_size': 32, 'num_epochs': 5, 'max_length': 128, 'eval_steps': ('num_evals_per_epoch', 5), 'warmup_steps': 0.1, 'save_model': False, 'max_steps': -1}",0.0,0.0,0.0,2024-03-15 02:20:42.553887
1,1.0,0.9196344111698437,,"{'output_dir': './temp_bert_dir/dbpedia5_bs500_margin_trial2_ckpts', 'lr': 3e-05, 'model_name': 'roberta-base', 'train_batch_size': 16, 'eval_batch_size': 32, 'num_epochs': 10, 'max_length': 128, 'eval_steps': ('num_evals_per_epoch', 5), 'warmup_steps': 0.1, 'save_model': False, 'max_steps': -1}",0.0,0.0,1.0,2024-03-15 02:26:28.239507
2,2.0,0.9061444520391888,,"{'output_dir': './temp_bert_dir/dbpedia5_bs500_margin_trial2_ckpts', 'lr': 5e-05, 'model_name': 'roberta-base', 'train_batch_size': 16, 'eval_batch_size': 32, 'num_epochs': 5, 'max_length': 128, 'eval_steps': ('num_evals_per_epoch', 5), 'warmup_steps': 0.1, 'save_model': False, 'max_steps': -1}",0.0,0.0,2.0,2024-03-15 02:29:31.061588
3,3.0,0.9175827563251243,,"{'output_dir': './temp_bert_dir/dbpedia5_bs500_margin_trial2_ckpts', 'lr': 5e-05, 'model_name': 'roberta-base', 'train_batch_size': 16, 'eval_batch_size': 32, 'num_epochs': 10, 'max_length': 128, 'eval_steps': ('num_evals_per_epoch', 5), 'warmup_steps': 0.1, 'save_model': False, 'max_steps': -1}",0.0,0.0,3.0,2024-03-15 02:35:39.316459
