,id,score,transform params,classifier params,ds_idx,trf_idx,clf_idx,ts
0,0.0,0.679130175887553,,"{'output_dir': './temp_bert_dir/pubmed_bs500_margin_trial1_ckpts', 'lr': 3e-05, 'model_name': 'roberta-base', 'train_batch_size': 16, 'eval_batch_size': 32, 'num_epochs': 5, 'max_length': 128, 'eval_steps': ('num_evals_per_epoch', 5), 'warmup_steps': 0.1, 'save_model': False, 'max_steps': -1}",0.0,0.0,0.0,2024-03-10 21:12:34.859351
1,1.0,0.6686241584561883,,"{'output_dir': './temp_bert_dir/pubmed_bs500_margin_trial1_ckpts', 'lr': 3e-05, 'model_name': 'roberta-base', 'train_batch_size': 16, 'eval_batch_size': 32, 'num_epochs': 10, 'max_length': 128, 'eval_steps': ('num_evals_per_epoch', 5), 'warmup_steps': 0.1, 'save_model': False, 'max_steps': -1}",0.0,0.0,1.0,2024-03-10 21:26:48.947473
2,2.0,0.6666243813281614,,"{'output_dir': './temp_bert_dir/pubmed_bs500_margin_trial1_ckpts', 'lr': 5e-05, 'model_name': 'roberta-base', 'train_batch_size': 16, 'eval_batch_size': 32, 'num_epochs': 5, 'max_length': 128, 'eval_steps': ('num_evals_per_epoch', 5), 'warmup_steps': 0.1, 'save_model': False, 'max_steps': -1}",0.0,0.0,2.0,2024-03-10 21:34:04.639911
3,3.0,0.6667474525248496,,"{'output_dir': './temp_bert_dir/pubmed_bs500_margin_trial1_ckpts', 'lr': 5e-05, 'model_name': 'roberta-base', 'train_batch_size': 16, 'eval_batch_size': 32, 'num_epochs': 10, 'max_length': 128, 'eval_steps': ('num_evals_per_epoch', 5), 'warmup_steps': 0.1, 'save_model': False, 'max_steps': -1}",0.0,0.0,3.0,2024-03-10 21:48:20.511352
