,id,score,transform params,classifier params,ds_idx,trf_idx,clf_idx,ts
0,0.0,0.6779016743201036,,"{'output_dir': './temp_bert_dir/pubmed_bs500_real_trial2_ckpts', 'lr': 3e-05, 'model_name': 'roberta-base', 'train_batch_size': 16, 'eval_batch_size': 32, 'num_epochs': 5, 'max_length': 128, 'eval_steps': ('num_evals_per_epoch', 5), 'warmup_steps': 0.1, 'save_model': False, 'max_steps': -1}",0.0,0.0,0.0,2024-03-13 15:06:21.560804
1,1.0,0.6623575694267314,,"{'output_dir': './temp_bert_dir/pubmed_bs500_real_trial2_ckpts', 'lr': 3e-05, 'model_name': 'roberta-base', 'train_batch_size': 16, 'eval_batch_size': 32, 'num_epochs': 10, 'max_length': 128, 'eval_steps': ('num_evals_per_epoch', 5), 'warmup_steps': 0.1, 'save_model': False, 'max_steps': -1}",0.0,0.0,1.0,2024-03-13 15:14:20.361735
2,2.0,0.6504530000738485,,"{'output_dir': './temp_bert_dir/pubmed_bs500_real_trial2_ckpts', 'lr': 5e-05, 'model_name': 'roberta-base', 'train_batch_size': 16, 'eval_batch_size': 32, 'num_epochs': 5, 'max_length': 128, 'eval_steps': ('num_evals_per_epoch', 5), 'warmup_steps': 0.1, 'save_model': False, 'max_steps': -1}",0.0,0.0,2.0,2024-03-13 15:18:27.186299
3,3.0,0.6534838847169031,,"{'output_dir': './temp_bert_dir/pubmed_bs500_real_trial2_ckpts', 'lr': 5e-05, 'model_name': 'roberta-base', 'train_batch_size': 16, 'eval_batch_size': 32, 'num_epochs': 10, 'max_length': 128, 'eval_steps': ('num_evals_per_epoch', 5), 'warmup_steps': 0.1, 'save_model': False, 'max_steps': -1}",0.0,0.0,3.0,2024-03-13 15:26:03.696902
