,id,score,transform params,classifier params,ds_idx,trf_idx,clf_idx,ts
0,0.0,0.7443050473320508,,"{'output_dir': './temp_bert_dir/agnews_bs200_margin_trial1_ckpts', 'lr': 3e-05, 'model_name': 'roberta-base', 'train_batch_size': 16, 'eval_batch_size': 32, 'num_epochs': 5, 'max_length': 128, 'eval_steps': ('num_evals_per_epoch', 5), 'warmup_steps': 0.1, 'save_model': False, 'max_steps': -1}",0.0,0.0,0.0,2024-03-11 06:08:22.521972
1,1.0,0.762805904734937,,"{'output_dir': './temp_bert_dir/agnews_bs200_margin_trial1_ckpts', 'lr': 3e-05, 'model_name': 'roberta-base', 'train_batch_size': 16, 'eval_batch_size': 32, 'num_epochs': 10, 'max_length': 128, 'eval_steps': ('num_evals_per_epoch', 5), 'warmup_steps': 0.1, 'save_model': False, 'max_steps': -1}",0.0,0.0,1.0,2024-03-11 06:18:24.254507
2,2.0,0.7615615595654504,,"{'output_dir': './temp_bert_dir/agnews_bs200_margin_trial1_ckpts', 'lr': 5e-05, 'model_name': 'roberta-base', 'train_batch_size': 16, 'eval_batch_size': 32, 'num_epochs': 5, 'max_length': 128, 'eval_steps': ('num_evals_per_epoch', 5), 'warmup_steps': 0.1, 'save_model': False, 'max_steps': -1}",0.0,0.0,2.0,2024-03-11 06:23:39.294803
3,3.0,0.7405038189776643,,"{'output_dir': './temp_bert_dir/agnews_bs200_margin_trial1_ckpts', 'lr': 5e-05, 'model_name': 'roberta-base', 'train_batch_size': 16, 'eval_batch_size': 32, 'num_epochs': 10, 'max_length': 128, 'eval_steps': ('num_evals_per_epoch', 5), 'warmup_steps': 0.1, 'save_model': False, 'max_steps': -1}",0.0,0.0,3.0,2024-03-11 06:33:48.819604
