,id,score,transform params,classifier params,ds_idx,trf_idx,clf_idx,ts
0,0,0.7906442753590563,,"{'output_dir': './output_bert/sst2_bs500_cal/model_trial_0', 'lr': 3e-05, 'model_name': 'roberta-base', 'train_batch_size': 16, 'eval_batch_size': 32, 'num_epochs': 5, 'max_length': 128, 'eval_steps': ('num_evals_per_epoch', 5), 'warmup_steps': 0.1, 'save_model': False, 'max_steps': -1}",0,0,0,2024-03-08 03:31:29.247339
1,1,0.8028015775873794,,"{'output_dir': './output_bert/sst2_bs500_cal/model_trial_0', 'lr': 3e-05, 'model_name': 'roberta-base', 'train_batch_size': 16, 'eval_batch_size': 32, 'num_epochs': 10, 'max_length': 128, 'eval_steps': ('num_evals_per_epoch', 5), 'warmup_steps': 0.1, 'save_model': False, 'max_steps': -1}",0,0,1,2024-03-08 03:41:55.625564
2,2,0.69896004378763,,"{'output_dir': './output_bert/sst2_bs500_cal/model_trial_0', 'lr': 5e-05, 'model_name': 'roberta-base', 'train_batch_size': 16, 'eval_batch_size': 32, 'num_epochs': 5, 'max_length': 128, 'eval_steps': ('num_evals_per_epoch', 5), 'warmup_steps': 0.1, 'save_model': False, 'max_steps': -1}",0,0,2,2024-03-08 03:47:01.775042
3,3,0.7828054298642535,,"{'output_dir': './output_bert/sst2_bs500_cal/model_trial_0', 'lr': 5e-05, 'model_name': 'roberta-base', 'train_batch_size': 16, 'eval_batch_size': 32, 'num_epochs': 10, 'max_length': 128, 'eval_steps': ('num_evals_per_epoch', 5), 'warmup_steps': 0.1, 'save_model': False, 'max_steps': -1}",0,0,3,2024-03-08 03:57:12.305107
