,id,score,transform params,classifier params,ds_idx,trf_idx,clf_idx,ts
0,0,0.6777739130434783,,"{'output_dir': './output_bert/sst2_bs500_cal/model_trial_0', 'lr': 3e-05, 'model_name': 'roberta-base', 'train_batch_size': 16, 'eval_batch_size': 32, 'num_epochs': 5, 'max_length': 128, 'eval_steps': ('num_evals_per_epoch', 5), 'warmup_steps': 0.1, 'save_model': False, 'max_steps': -1}",0,0,0,2024-03-08 05:42:04.055345
1,1,0.6966268594175571,,"{'output_dir': './output_bert/sst2_bs500_cal/model_trial_0', 'lr': 3e-05, 'model_name': 'roberta-base', 'train_batch_size': 16, 'eval_batch_size': 32, 'num_epochs': 10, 'max_length': 128, 'eval_steps': ('num_evals_per_epoch', 5), 'warmup_steps': 0.1, 'save_model': False, 'max_steps': -1}",0,0,1,2024-03-08 05:56:02.422992
2,2,0.6167297186142766,,"{'output_dir': './output_bert/sst2_bs500_cal/model_trial_0', 'lr': 5e-05, 'model_name': 'roberta-base', 'train_batch_size': 16, 'eval_batch_size': 32, 'num_epochs': 5, 'max_length': 128, 'eval_steps': ('num_evals_per_epoch', 5), 'warmup_steps': 0.1, 'save_model': False, 'max_steps': -1}",0,0,2,2024-03-08 06:03:56.165734
3,3,0.6228786926461345,,"{'output_dir': './output_bert/sst2_bs500_cal/model_trial_0', 'lr': 5e-05, 'model_name': 'roberta-base', 'train_batch_size': 16, 'eval_batch_size': 32, 'num_epochs': 10, 'max_length': 128, 'eval_steps': ('num_evals_per_epoch', 5), 'warmup_steps': 0.1, 'save_model': False, 'max_steps': -1}",0,0,3,2024-03-08 06:17:55.620503
