,id,score,transform params,classifier params,ds_idx,trf_idx,clf_idx,ts
0,0,0.7991514147272225,,"{'output_dir': './output_bert/sst2_bs500_cal/model_trial_0', 'lr': 3e-05, 'model_name': 'roberta-base', 'train_batch_size': 16, 'eval_batch_size': 32, 'num_epochs': 5, 'max_length': 128, 'eval_steps': ('num_evals_per_epoch', 5), 'warmup_steps': 0.1, 'save_model': False, 'max_steps': -1}",0,0,0,2024-03-08 04:08:28.232251
1,1,0.8021426201075693,,"{'output_dir': './output_bert/sst2_bs500_cal/model_trial_0', 'lr': 3e-05, 'model_name': 'roberta-base', 'train_batch_size': 16, 'eval_batch_size': 32, 'num_epochs': 10, 'max_length': 128, 'eval_steps': ('num_evals_per_epoch', 5), 'warmup_steps': 0.1, 'save_model': False, 'max_steps': -1}",0,0,1,2024-03-08 04:21:40.587226
2,2,0.43533188583385285,,"{'output_dir': './output_bert/sst2_bs500_cal/model_trial_0', 'lr': 5e-05, 'model_name': 'roberta-base', 'train_batch_size': 16, 'eval_batch_size': 32, 'num_epochs': 5, 'max_length': 128, 'eval_steps': ('num_evals_per_epoch', 5), 'warmup_steps': 0.1, 'save_model': False, 'max_steps': -1}",0,0,2,2024-03-08 04:28:01.620660
3,3,0.621999621999622,,"{'output_dir': './output_bert/sst2_bs500_cal/model_trial_0', 'lr': 5e-05, 'model_name': 'roberta-base', 'train_batch_size': 16, 'eval_batch_size': 32, 'num_epochs': 10, 'max_length': 128, 'eval_steps': ('num_evals_per_epoch', 5), 'warmup_steps': 0.1, 'save_model': False, 'max_steps': -1}",0,0,3,2024-03-08 04:40:51.516467
