,id,score,transform params,classifier params,ds_idx,trf_idx,clf_idx,ts
0,0.0,0.9026293038971123,,"{'output_dir': './temp_bert_dir/agnews_bs200_random_trial1_ckpts', 'lr': 3e-05, 'model_name': 'roberta-base', 'train_batch_size': 16, 'eval_batch_size': 32, 'num_epochs': 5, 'max_length': 128, 'eval_steps': ('num_evals_per_epoch', 5), 'warmup_steps': 0.1, 'save_model': False, 'max_steps': -1}",0.0,0.0,0.0,2024-03-11 02:37:45.171250
1,1.0,0.9022955388112309,,"{'output_dir': './temp_bert_dir/agnews_bs200_random_trial1_ckpts', 'lr': 3e-05, 'model_name': 'roberta-base', 'train_batch_size': 16, 'eval_batch_size': 32, 'num_epochs': 10, 'max_length': 128, 'eval_steps': ('num_evals_per_epoch', 5), 'warmup_steps': 0.1, 'save_model': False, 'max_steps': -1}",0.0,0.0,1.0,2024-03-11 02:42:58.161375
2,2.0,0.9146531792972707,,"{'output_dir': './temp_bert_dir/agnews_bs200_random_trial1_ckpts', 'lr': 5e-05, 'model_name': 'roberta-base', 'train_batch_size': 16, 'eval_batch_size': 32, 'num_epochs': 5, 'max_length': 128, 'eval_steps': ('num_evals_per_epoch', 5), 'warmup_steps': 0.1, 'save_model': False, 'max_steps': -1}",0.0,0.0,2.0,2024-03-11 02:45:30.193046
3,3.0,0.9189646547198035,,"{'output_dir': './temp_bert_dir/agnews_bs200_random_trial1_ckpts', 'lr': 5e-05, 'model_name': 'roberta-base', 'train_batch_size': 16, 'eval_batch_size': 32, 'num_epochs': 10, 'max_length': 128, 'eval_steps': ('num_evals_per_epoch', 5), 'warmup_steps': 0.1, 'save_model': False, 'max_steps': -1}",0.0,0.0,3.0,2024-03-11 02:50:42.290273
