,id,score,transform params,classifier params,ds_idx,trf_idx,clf_idx,ts
0,0.0,0.7116433024048258,,"{'output_dir': './temp_bert_dir/agnews_bs200_margin_trial2_ckpts', 'lr': 3e-05, 'model_name': 'roberta-base', 'train_batch_size': 16, 'eval_batch_size': 32, 'num_epochs': 5, 'max_length': 128, 'eval_steps': ('num_evals_per_epoch', 5), 'warmup_steps': 0.1, 'save_model': False, 'max_steps': -1}",0.0,0.0,0.0,2024-03-15 13:02:55.925961
1,1.0,0.7381905719346478,,"{'output_dir': './temp_bert_dir/agnews_bs200_margin_trial2_ckpts', 'lr': 3e-05, 'model_name': 'roberta-base', 'train_batch_size': 16, 'eval_batch_size': 32, 'num_epochs': 10, 'max_length': 128, 'eval_steps': ('num_evals_per_epoch', 5), 'warmup_steps': 0.1, 'save_model': False, 'max_steps': -1}",0.0,0.0,1.0,2024-03-15 13:08:57.706250
2,2.0,0.7138426725440415,,"{'output_dir': './temp_bert_dir/agnews_bs200_margin_trial2_ckpts', 'lr': 5e-05, 'model_name': 'roberta-base', 'train_batch_size': 16, 'eval_batch_size': 32, 'num_epochs': 5, 'max_length': 128, 'eval_steps': ('num_evals_per_epoch', 5), 'warmup_steps': 0.1, 'save_model': False, 'max_steps': -1}",0.0,0.0,2.0,2024-03-15 13:12:03.617323
3,3.0,0.7222973832078529,,"{'output_dir': './temp_bert_dir/agnews_bs200_margin_trial2_ckpts', 'lr': 5e-05, 'model_name': 'roberta-base', 'train_batch_size': 16, 'eval_batch_size': 32, 'num_epochs': 10, 'max_length': 128, 'eval_steps': ('num_evals_per_epoch', 5), 'warmup_steps': 0.1, 'save_model': False, 'max_steps': -1}",0.0,0.0,3.0,2024-03-15 13:18:15.211548
