,id,score,transform params,classifier params,ds_idx,trf_idx,clf_idx,ts
0,0.0,0.642831181894036,,"{'output_dir': './temp_bert_dir/pubmed_bs200_margin_trial2_ckpts', 'lr': 3e-05, 'model_name': 'roberta-base', 'train_batch_size': 16, 'eval_batch_size': 32, 'num_epochs': 5, 'max_length': 128, 'eval_steps': ('num_evals_per_epoch', 5), 'warmup_steps': 0.1, 'save_model': False, 'max_steps': -1}",0.0,0.0,0.0,2024-03-14 20:09:17.893959
1,1.0,0.6353335785933564,,"{'output_dir': './temp_bert_dir/pubmed_bs200_margin_trial2_ckpts', 'lr': 3e-05, 'model_name': 'roberta-base', 'train_batch_size': 16, 'eval_batch_size': 32, 'num_epochs': 10, 'max_length': 128, 'eval_steps': ('num_evals_per_epoch', 5), 'warmup_steps': 0.1, 'save_model': False, 'max_steps': -1}",0.0,0.0,1.0,2024-03-14 20:23:53.092396
2,2.0,0.6349197045029398,,"{'output_dir': './temp_bert_dir/pubmed_bs200_margin_trial2_ckpts', 'lr': 5e-05, 'model_name': 'roberta-base', 'train_batch_size': 16, 'eval_batch_size': 32, 'num_epochs': 5, 'max_length': 128, 'eval_steps': ('num_evals_per_epoch', 5), 'warmup_steps': 0.1, 'save_model': False, 'max_steps': -1}",0.0,0.0,2.0,2024-03-14 20:31:06.098343
3,3.0,0.6281850957931544,,"{'output_dir': './temp_bert_dir/pubmed_bs200_margin_trial2_ckpts', 'lr': 5e-05, 'model_name': 'roberta-base', 'train_batch_size': 16, 'eval_batch_size': 32, 'num_epochs': 10, 'max_length': 128, 'eval_steps': ('num_evals_per_epoch', 5), 'warmup_steps': 0.1, 'save_model': False, 'max_steps': -1}",0.0,0.0,3.0,2024-03-14 20:45:32.611103
