,id,score,transform params,classifier params,ds_idx,trf_idx,clf_idx,ts
0,0.0,0.9093448610569939,,"{'output_dir': './temp_bert_dir/dbpedia5_bs500_margin_trial1_ckpts', 'lr': 3e-05, 'model_name': 'roberta-base', 'train_batch_size': 16, 'eval_batch_size': 32, 'num_epochs': 5, 'max_length': 128, 'eval_steps': ('num_evals_per_epoch', 5), 'warmup_steps': 0.1, 'save_model': False, 'max_steps': -1}",0.0,0.0,0.0,2024-03-13 20:21:01.807543
1,1.0,0.91476984790015,,"{'output_dir': './temp_bert_dir/dbpedia5_bs500_margin_trial1_ckpts', 'lr': 3e-05, 'model_name': 'roberta-base', 'train_batch_size': 16, 'eval_batch_size': 32, 'num_epochs': 10, 'max_length': 128, 'eval_steps': ('num_evals_per_epoch', 5), 'warmup_steps': 0.1, 'save_model': False, 'max_steps': -1}",0.0,0.0,1.0,2024-03-13 20:28:34.596246
2,2.0,0.91133541852307,,"{'output_dir': './temp_bert_dir/dbpedia5_bs500_margin_trial1_ckpts', 'lr': 5e-05, 'model_name': 'roberta-base', 'train_batch_size': 16, 'eval_batch_size': 32, 'num_epochs': 5, 'max_length': 128, 'eval_steps': ('num_evals_per_epoch', 5), 'warmup_steps': 0.1, 'save_model': False, 'max_steps': -1}",0.0,0.0,2.0,2024-03-13 20:32:19.983093
3,3.0,0.9159823103279805,,"{'output_dir': './temp_bert_dir/dbpedia5_bs500_margin_trial1_ckpts', 'lr': 5e-05, 'model_name': 'roberta-base', 'train_batch_size': 16, 'eval_batch_size': 32, 'num_epochs': 10, 'max_length': 128, 'eval_steps': ('num_evals_per_epoch', 5), 'warmup_steps': 0.1, 'save_model': False, 'max_steps': -1}",0.0,0.0,3.0,2024-03-13 20:39:53.916161
