,id,score,transform params,classifier params,ds_idx,trf_idx,clf_idx,ts
0,0.0,0.7995336272809058,,"{'output_dir': './temp_bert_dir/agnews_bs500_margin_trial1_ckpts', 'lr': 3e-05, 'model_name': 'roberta-base', 'train_batch_size': 16, 'eval_batch_size': 32, 'num_epochs': 5, 'max_length': 128, 'eval_steps': ('num_evals_per_epoch', 5), 'warmup_steps': 0.1, 'save_model': False, 'max_steps': -1}",0.0,0.0,0.0,2024-03-12 06:20:34.836298
1,1.0,0.7895599489137537,,"{'output_dir': './temp_bert_dir/agnews_bs500_margin_trial1_ckpts', 'lr': 3e-05, 'model_name': 'roberta-base', 'train_batch_size': 16, 'eval_batch_size': 32, 'num_epochs': 10, 'max_length': 128, 'eval_steps': ('num_evals_per_epoch', 5), 'warmup_steps': 0.1, 'save_model': False, 'max_steps': -1}",0.0,0.0,1.0,2024-03-12 06:30:47.902529
2,2.0,0.7864855948232752,,"{'output_dir': './temp_bert_dir/agnews_bs500_margin_trial1_ckpts', 'lr': 5e-05, 'model_name': 'roberta-base', 'train_batch_size': 16, 'eval_batch_size': 32, 'num_epochs': 5, 'max_length': 128, 'eval_steps': ('num_evals_per_epoch', 5), 'warmup_steps': 0.1, 'save_model': False, 'max_steps': -1}",0.0,0.0,2.0,2024-03-12 06:35:49.727035
3,3.0,0.7937281663893053,,"{'output_dir': './temp_bert_dir/agnews_bs500_margin_trial1_ckpts', 'lr': 5e-05, 'model_name': 'roberta-base', 'train_batch_size': 16, 'eval_batch_size': 32, 'num_epochs': 10, 'max_length': 128, 'eval_steps': ('num_evals_per_epoch', 5), 'warmup_steps': 0.1, 'save_model': False, 'max_steps': -1}",0.0,0.0,3.0,2024-03-12 06:45:52.697532
