,id,score,transform params,classifier params,ds_idx,trf_idx,clf_idx,ts
0,0,0.7608543294442256,,"{'output_dir': './temp_bert_dir/sst2_bs200_real_trial1_ckpts', 'lr': 3e-05, 'model_name': 'roberta-base', 'train_batch_size': 16, 'eval_batch_size': 32, 'num_epochs': 5, 'max_length': 128, 'eval_steps': ('num_evals_per_epoch', 5), 'warmup_steps': 0.1, 'save_model': False, 'max_steps': -1}",0,0,0,2024-03-14 08:43:22.719395
1,1,0.7768566386702478,,"{'output_dir': './temp_bert_dir/sst2_bs200_real_trial1_ckpts', 'lr': 3e-05, 'model_name': 'roberta-base', 'train_batch_size': 16, 'eval_batch_size': 32, 'num_epochs': 10, 'max_length': 128, 'eval_steps': ('num_evals_per_epoch', 5), 'warmup_steps': 0.1, 'save_model': False, 'max_steps': -1}",0,0,1,2024-03-14 09:06:11.273328
2,2,0.3614354508872617,,"{'output_dir': './temp_bert_dir/sst2_bs200_real_trial1_ckpts', 'lr': 5e-05, 'model_name': 'roberta-base', 'train_batch_size': 16, 'eval_batch_size': 32, 'num_epochs': 5, 'max_length': 128, 'eval_steps': ('num_evals_per_epoch', 5), 'warmup_steps': 0.1, 'save_model': False, 'max_steps': -1}",0,0,2,2024-03-14 09:17:54.554506
3,3,0.664674409500196,,"{'output_dir': './temp_bert_dir/sst2_bs200_real_trial1_ckpts', 'lr': 5e-05, 'model_name': 'roberta-base', 'train_batch_size': 16, 'eval_batch_size': 32, 'num_epochs': 10, 'max_length': 128, 'eval_steps': ('num_evals_per_epoch', 5), 'warmup_steps': 0.1, 'save_model': False, 'max_steps': -1}",0,0,3,2024-03-14 09:40:02.752838
