,id,score,transform params,classifier params,ds_idx,trf_idx,clf_idx,ts
0,0.0,0.9433928695437526,,"{'output_dir': './temp_bert_dir/dbpedia5_bs200_real_trial0_ckpts', 'lr': 3e-05, 'model_name': 'roberta-base', 'train_batch_size': 16, 'eval_batch_size': 32, 'num_epochs': 5, 'max_length': 128, 'eval_steps': ('num_evals_per_epoch', 5), 'warmup_steps': 0.1, 'save_model': False, 'max_steps': -1}",0.0,0.0,0.0,2024-03-09 02:23:35.747690
1,1.0,0.9402149596825448,,"{'output_dir': './temp_bert_dir/dbpedia5_bs200_real_trial0_ckpts', 'lr': 3e-05, 'model_name': 'roberta-base', 'train_batch_size': 16, 'eval_batch_size': 32, 'num_epochs': 10, 'max_length': 128, 'eval_steps': ('num_evals_per_epoch', 5), 'warmup_steps': 0.1, 'save_model': False, 'max_steps': -1}",0.0,0.0,1.0,2024-03-09 02:33:40.183650
2,2.0,0.9258957102847647,,"{'output_dir': './temp_bert_dir/dbpedia5_bs200_real_trial0_ckpts', 'lr': 5e-05, 'model_name': 'roberta-base', 'train_batch_size': 16, 'eval_batch_size': 32, 'num_epochs': 5, 'max_length': 128, 'eval_steps': ('num_evals_per_epoch', 5), 'warmup_steps': 0.1, 'save_model': False, 'max_steps': -1}",0.0,0.0,2.0,2024-03-09 02:40:24.143956
3,3.0,0.9333219524095965,,"{'output_dir': './temp_bert_dir/dbpedia5_bs200_real_trial0_ckpts', 'lr': 5e-05, 'model_name': 'roberta-base', 'train_batch_size': 16, 'eval_batch_size': 32, 'num_epochs': 10, 'max_length': 128, 'eval_steps': ('num_evals_per_epoch', 5), 'warmup_steps': 0.1, 'save_model': False, 'max_steps': -1}",0.0,0.0,3.0,2024-03-09 02:52:24.547999
