,id,score,transform params,classifier params,ds_idx,trf_idx,clf_idx,ts
0,0.0,0.8354056059190932,,"{'output_dir': './temp_bert_dir/agnews_bs500_real_trial0_ckpts', 'lr': 3e-05, 'model_name': 'roberta-base', 'train_batch_size': 16, 'eval_batch_size': 32, 'num_epochs': 5, 'max_length': 128, 'eval_steps': ('num_evals_per_epoch', 5), 'warmup_steps': 0.1, 'save_model': False, 'max_steps': -1}",0.0,0.0,0.0,2024-03-09 09:03:42.456893
1,1.0,0.8309921237119182,,"{'output_dir': './temp_bert_dir/agnews_bs500_real_trial0_ckpts', 'lr': 3e-05, 'model_name': 'roberta-base', 'train_batch_size': 16, 'eval_batch_size': 32, 'num_epochs': 10, 'max_length': 128, 'eval_steps': ('num_evals_per_epoch', 5), 'warmup_steps': 0.1, 'save_model': False, 'max_steps': -1}",0.0,0.0,1.0,2024-03-09 09:19:07.635935
2,2.0,0.8450110844745382,,"{'output_dir': './temp_bert_dir/agnews_bs500_real_trial0_ckpts', 'lr': 5e-05, 'model_name': 'roberta-base', 'train_batch_size': 16, 'eval_batch_size': 32, 'num_epochs': 5, 'max_length': 128, 'eval_steps': ('num_evals_per_epoch', 5), 'warmup_steps': 0.1, 'save_model': False, 'max_steps': -1}",0.0,0.0,2.0,2024-03-09 09:26:54.502022
3,3.0,0.8271001091011998,,"{'output_dir': './temp_bert_dir/agnews_bs500_real_trial0_ckpts', 'lr': 5e-05, 'model_name': 'roberta-base', 'train_batch_size': 16, 'eval_batch_size': 32, 'num_epochs': 10, 'max_length': 128, 'eval_steps': ('num_evals_per_epoch', 5), 'warmup_steps': 0.1, 'save_model': False, 'max_steps': -1}",0.0,0.0,3.0,2024-03-09 09:42:13.134177
