,id,score,transform params,classifier params,ds_idx,trf_idx,clf_idx,ts
0,0,0.8061538461538462,,"{'output_dir': './temp_bert_dir/sst2_bs200_dal_trial1_ckpts', 'lr': 3e-05, 'model_name': 'roberta-base', 'train_batch_size': 16, 'eval_batch_size': 32, 'num_epochs': 5, 'max_length': 128, 'eval_steps': ('num_evals_per_epoch', 5), 'warmup_steps': 0.1, 'save_model': False, 'max_steps': -1}",0,0,0,2024-03-13 04:47:10.333917
1,1,0.809643530573763,,"{'output_dir': './temp_bert_dir/sst2_bs200_dal_trial1_ckpts', 'lr': 3e-05, 'model_name': 'roberta-base', 'train_batch_size': 16, 'eval_batch_size': 32, 'num_epochs': 10, 'max_length': 128, 'eval_steps': ('num_evals_per_epoch', 5), 'warmup_steps': 0.1, 'save_model': False, 'max_steps': -1}",0,0,1,2024-03-13 04:56:18.466378
2,2,0.41261088467993284,,"{'output_dir': './temp_bert_dir/sst2_bs200_dal_trial1_ckpts', 'lr': 5e-05, 'model_name': 'roberta-base', 'train_batch_size': 16, 'eval_batch_size': 32, 'num_epochs': 5, 'max_length': 128, 'eval_steps': ('num_evals_per_epoch', 5), 'warmup_steps': 0.1, 'save_model': False, 'max_steps': -1}",0,0,2,2024-03-13 05:01:26.580213
3,3,0.763076923076923,,"{'output_dir': './temp_bert_dir/sst2_bs200_dal_trial1_ckpts', 'lr': 5e-05, 'model_name': 'roberta-base', 'train_batch_size': 16, 'eval_batch_size': 32, 'num_epochs': 10, 'max_length': 128, 'eval_steps': ('num_evals_per_epoch', 5), 'warmup_steps': 0.1, 'save_model': False, 'max_steps': -1}",0,0,3,2024-03-13 05:11:25.543798
