,id,score,transform params,classifier params,ds_idx,trf_idx,clf_idx,ts
0,0,0.7425529659412717,,"{'output_dir': './temp_bert_dir/sst2_bs200_dal_trial1_ckpts', 'lr': 3e-05, 'model_name': 'roberta-base', 'train_batch_size': 16, 'eval_batch_size': 32, 'num_epochs': 5, 'max_length': 128, 'eval_steps': ('num_evals_per_epoch', 5), 'warmup_steps': 0.1, 'save_model': False, 'max_steps': -1}",0,0,0,2024-03-13 12:18:46.371777
1,1,0.7717615210633579,,"{'output_dir': './temp_bert_dir/sst2_bs200_dal_trial1_ckpts', 'lr': 3e-05, 'model_name': 'roberta-base', 'train_batch_size': 16, 'eval_batch_size': 32, 'num_epochs': 10, 'max_length': 128, 'eval_steps': ('num_evals_per_epoch', 5), 'warmup_steps': 0.1, 'save_model': False, 'max_steps': -1}",0,0,1,2024-03-13 12:34:40.491466
2,2,0.7410741289537871,,"{'output_dir': './temp_bert_dir/sst2_bs200_dal_trial1_ckpts', 'lr': 5e-05, 'model_name': 'roberta-base', 'train_batch_size': 16, 'eval_batch_size': 32, 'num_epochs': 5, 'max_length': 128, 'eval_steps': ('num_evals_per_epoch', 5), 'warmup_steps': 0.1, 'save_model': False, 'max_steps': -1}",0,0,2,2024-03-13 12:42:16.392376
3,3,0.6958987139520142,,"{'output_dir': './temp_bert_dir/sst2_bs200_dal_trial1_ckpts', 'lr': 5e-05, 'model_name': 'roberta-base', 'train_batch_size': 16, 'eval_batch_size': 32, 'num_epochs': 10, 'max_length': 128, 'eval_steps': ('num_evals_per_epoch', 5), 'warmup_steps': 0.1, 'save_model': False, 'max_steps': -1}",0,0,3,2024-03-13 12:58:06.316387
