,id,score,transform params,classifier params,ds_idx,trf_idx,clf_idx,ts
0,0.0,0.9138075892142756,,"{'output_dir': './temp_bert_dir/agnews_bs200_random_trial0_ckpts', 'lr': 3e-05, 'model_name': 'roberta-base', 'train_batch_size': 16, 'eval_batch_size': 32, 'num_epochs': 5, 'max_length': 128, 'eval_steps': ('num_evals_per_epoch', 5), 'warmup_steps': 0.1, 'save_model': False, 'max_steps': -1}",0.0,0.0,0.0,2024-03-10 05:52:43.167043
1,1.0,0.91309779744511,,"{'output_dir': './temp_bert_dir/agnews_bs200_random_trial0_ckpts', 'lr': 3e-05, 'model_name': 'roberta-base', 'train_batch_size': 16, 'eval_batch_size': 32, 'num_epochs': 10, 'max_length': 128, 'eval_steps': ('num_evals_per_epoch', 5), 'warmup_steps': 0.1, 'save_model': False, 'max_steps': -1}",0.0,0.0,1.0,2024-03-10 06:08:28.267560
2,2.0,0.9035959239034056,,"{'output_dir': './temp_bert_dir/agnews_bs200_random_trial0_ckpts', 'lr': 5e-05, 'model_name': 'roberta-base', 'train_batch_size': 16, 'eval_batch_size': 32, 'num_epochs': 5, 'max_length': 128, 'eval_steps': ('num_evals_per_epoch', 5), 'warmup_steps': 0.1, 'save_model': False, 'max_steps': -1}",0.0,0.0,2.0,2024-03-10 06:16:33.432833
3,3.0,0.915156266894368,,"{'output_dir': './temp_bert_dir/agnews_bs200_random_trial0_ckpts', 'lr': 5e-05, 'model_name': 'roberta-base', 'train_batch_size': 16, 'eval_batch_size': 32, 'num_epochs': 10, 'max_length': 128, 'eval_steps': ('num_evals_per_epoch', 5), 'warmup_steps': 0.1, 'save_model': False, 'max_steps': -1}",0.0,0.0,3.0,2024-03-10 06:32:29.250989
