,id,score,transform params,classifier params,ds_idx,trf_idx,clf_idx,ts
0,0,0.9210006583278472,,"{'output_dir': './temp_bert_dir/sst2_bs200_dal_trial0_ckpts', 'lr': 3e-05, 'model_name': 'roberta-base', 'train_batch_size': 16, 'eval_batch_size': 32, 'num_epochs': 5, 'max_length': 128, 'eval_steps': ('num_evals_per_epoch', 5), 'warmup_steps': 0.1, 'save_model': False, 'max_steps': -1}",0,0,0,2024-03-10 07:04:55.386994
1,1,0.9238095238095237,,"{'output_dir': './temp_bert_dir/sst2_bs200_dal_trial0_ckpts', 'lr': 3e-05, 'model_name': 'roberta-base', 'train_batch_size': 16, 'eval_batch_size': 32, 'num_epochs': 10, 'max_length': 128, 'eval_steps': ('num_evals_per_epoch', 5), 'warmup_steps': 0.1, 'save_model': False, 'max_steps': -1}",0,0,1,2024-03-10 07:12:21.421535
2,2,0.9245757385292268,,"{'output_dir': './temp_bert_dir/sst2_bs200_dal_trial0_ckpts', 'lr': 5e-05, 'model_name': 'roberta-base', 'train_batch_size': 16, 'eval_batch_size': 32, 'num_epochs': 5, 'max_length': 128, 'eval_steps': ('num_evals_per_epoch', 5), 'warmup_steps': 0.1, 'save_model': False, 'max_steps': -1}",0,0,2,2024-03-10 07:16:29.368756
3,3,0.899749373433584,,"{'output_dir': './temp_bert_dir/sst2_bs200_dal_trial0_ckpts', 'lr': 5e-05, 'model_name': 'roberta-base', 'train_batch_size': 16, 'eval_batch_size': 32, 'num_epochs': 10, 'max_length': 128, 'eval_steps': ('num_evals_per_epoch', 5), 'warmup_steps': 0.1, 'save_model': False, 'max_steps': -1}",0,0,3,2024-03-10 07:24:46.742425
